Organization	Project	Acid Citrate Dextrose (ACD)	CellSave	EDTA	Not Applicable	Streck
AstraZeneca	AstraZeneca_P0001_T1	0	0	40	19	0
Biodesix	Biodesix_P0001_T1	0	0	0	730	0
CytoLumina	CytoLumina_P0001_T1	35	0	0	0	0
EpicSciences	EpicSciences_P001_T1	0	0	0	0	40
FoundationMedicine	FoundationMedicine_ClinAV_T1	0	0	210	0	2
GenomicHealth	GenomicHealth_P0001_T1	0	0	0	2	72
Guardant	Guardant_P0001_T1	0	0	0	0	500
MSKCC	MSKCC_P0001_T1	0	0	20	0	20
MSKCC	MSKCC_P0002_T1	0	0	0	0	0
MSKCC	MSKCC_P0003_T1	0	0	0	0	0
MSKCC	MSKCC_P0004_T1	0	0	0	0	0
Novartis	Novartis_Contrived1_T1	0	0	42	0	0
Novartis	Novartis_Contrived2_T1	0	0	0	0	0
PersonalGenome	PersonalGenome_Beta1	0	0	0	0	0
Provista	Provista_P0001_T1	0	0	18	0	0
ThermoFisher	ThermoFisher_P0001_T1	0	0	0	1	0
ThermoFisher	ThermoFisher_P0002_T1	0	0	16	16	0
UAMS	UAMS_P0001_T1	0	0	0	8	8
UMich	UMich_P0001_T1	0	0	52	0	0
UMich	UMich_P0002_T1	0	18	36	0	36
USC	USC_OPT1_T1	0	0	0	0	317
